date,pump_id,utilization_rate
2021-01-01,1,0.658396152230971
2021-01-01,2,0.658396152230971
2021-01-01,3,0.658396152230971
2021-01-02,1,0.5764980058579399
2021-01-02,2,0.5764980058579399
2021-01-02,3,0.5764980058579399
2021-01-03,1,0.5081966142526771
2021-01-03,2,0.5081966142526771
2021-01-03,3,0.5081966142526771
2021-01-04,1,0.6204607998964894
2021-01-04,2,0.6204607998964894
2021-01-04,3,0.6204607998964894
2021-01-05,1,0.6961975322245799
2021-01-05,2,0.6961975322245799
2021-01-05,3,0.6961975322245799
2021-01-06,1,0.4606340000098169
2021-01-06,2,0.4606340000098169
2021-01-06,3,0.4606340000098169
2021-01-07,1,0.5711326848799142
2021-01-07,2,0.5711326848799142
2021-01-07,3,0.5711326848799142
2021-01-08,1,0.6002452938347809
2021-01-08,2,0.6002452938347809
2021-01-08,3,0.6002452938347809
2021-01-09,1,0.6214226454752584
2021-01-09,2,0.6214226454752584
2021-01-09,3,0.6214226454752584
2021-01-10,1,0.587629713203977
2021-01-10,2,0.587629713203977
2021-01-10,3,0.587629713203977
2021-01-11,1,0.6812148477654542
2021-01-11,2,0.6812148477654542
2021-01-11,3,0.6812148477654542
2021-01-12,1,0.5753252248223149
2021-01-12,2,0.5753252248223149
2021-01-12,3,0.5753252248223149
2021-01-13,1,0.5400571127612108
2021-01-13,2,0.5400571127612108
2021-01-13,3,0.5400571127612108
2021-01-14,1,0.47899856318071876
2021-01-14,2,0.47899856318071876
2021-01-14,3,0.47899856318071876
2021-01-15,1,0.5903435635141594
2021-01-15,2,0.5903435635141594
2021-01-15,3,0.5903435635141594
2021-01-16,1,0.4508229994636552
2021-01-16,2,0.4508229994636552
2021-01-16,3,0.4508229994636552
2021-01-17,1,0.5811761520920774
2021-01-17,2,0.5811761520920774
2021-01-17,3,0.5811761520920774
2021-01-18,1,0.6019383584522345
2021-01-18,2,0.6019383584522345
2021-01-18,3,0.6019383584522345
2021-01-19,1,0.5690957448033738
2021-01-19,2,0.5690957448033738
2021-01-19,3,0.5690957448033738
2021-01-20,1,0.7753160449284978
2021-01-20,2,0.7753160449284978
2021-01-20,3,0.7753160449284978
2021-01-21,1,0.7018182983705004
2021-01-21,2,0.7018182983705004
2021-01-21,3,0.7018182983705004
2021-01-22,1,0.5578461589553843
2021-01-22,2,0.5578461589553843
2021-01-22,3,0.5578461589553843
2021-01-23,1,0.6795811199525632
2021-01-23,2,0.6795811199525632
2021-01-23,3,0.6795811199525632
2021-01-24,1,0.5522019085905877
2021-01-24,2,0.5522019085905877
2021-01-24,3,0.5522019085905877
2021-01-25,1,0.8
2021-01-25,2,0.8
2021-01-25,3,0.8
2021-01-26,1,0.6202017543722068
2021-01-26,2,0.6202017543722068
2021-01-26,3,0.6202017543722068
2021-01-27,1,0.5081212714211651
2021-01-27,2,0.5081212714211651
2021-01-27,3,0.5081212714211651
2021-01-28,1,0.5282037580953124
2021-01-28,2,0.5282037580953124
2021-01-28,3,0.5282037580953124
2021-01-29,1,0.5312674633658002
2021-01-29,2,0.5312674633658002
2021-01-29,3,0.5312674633658002
2021-01-30,1,0.5948226356204643
2021-01-30,2,0.5948226356204643
2021-01-30,3,0.5948226356204643
2021-01-31,1,0.5462555887541296
2021-01-31,2,0.5462555887541296
2021-01-31,3,0.5462555887541296
2021-02-01,1,0.5583700747571327
2021-02-01,2,0.5583700747571327
2021-02-01,3,0.5583700747571327
2021-02-02,1,0.5915328306663156
2021-02-02,2,0.5915328306663156
2021-02-02,3,0.5915328306663156
2021-02-03,1,0.6345285929872874
2021-02-03,2,0.6345285929872874
2021-02-03,3,0.6345285929872874
2021-02-04,1,0.6091835097932053
2021-02-04,2,0.6091835097932053
2021-02-04,3,0.6091835097932053
2021-02-05,1,0.45909624549401296
2021-02-05,2,0.45909624549401296
2021-02-05,3,0.45909624549401296
2021-02-06,1,0.5548479374497904
2021-02-06,2,0.5548479374497904
2021-02-06,3,0.5548479374497904
2021-02-07,1,0.46231669474514414
2021-02-07,2,0.46231669474514414
2021-02-07,3,0.46231669474514414
2021-02-08,1,0.6078001469898565
2021-02-08,2,0.6078001469898565
2021-02-08,3,0.6078001469898565
2021-02-09,1,0.5747140564106094
2021-02-09,2,0.5747140564106094
2021-02-09,3,0.5747140564106094
2021-02-10,1,0.5234103392218279
2021-02-10,2,0.5234103392218279
2021-02-10,3,0.5234103392218279
2021-02-11,1,0.43652503617663974
2021-02-11,2,0.43652503617663974
2021-02-11,3,0.43652503617663974
2021-02-12,1,0.44317425346373984
2021-02-12,2,0.44317425346373984
2021-02-12,3,0.44317425346373984
2021-02-13,1,0.5570968095822407
2021-02-13,2,0.5570968095822407
2021-02-13,3,0.5570968095822407
2021-02-14,1,0.3498301279356959
2021-02-14,2,0.3498301279356959
2021-02-14,3,0.3498301279356959
2021-02-15,1,0.6329937714927618
2021-02-15,2,0.6329937714927618
2021-02-15,3,0.6329937714927618
2021-02-16,1,0.4795467064716883
2021-02-16,2,0.4795467064716883
2021-02-16,3,0.4795467064716883
2021-02-17,1,0.31353164824886426
2021-02-17,2,0.31353164824886426
2021-02-17,3,0.31353164824886426
2021-02-18,1,0.43364522677326356
2021-02-18,2,0.43364522677326356
2021-02-18,3,0.43364522677326356
2021-02-19,1,0.27205595399178584
2021-02-19,2,0.27205595399178584
2021-02-19,3,0.27205595399178584
2021-02-20,1,0.4823590470110848
2021-02-20,2,0.4823590470110848
2021-02-20,3,0.4823590470110848
2021-02-21,1,0.40508717927234894
2021-02-21,2,0.40508717927234894
2021-02-21,3,0.40508717927234894
2021-02-22,1,0.4435306239643322
2021-02-22,2,0.4435306239643322
2021-02-22,3,0.4435306239643322
2021-02-23,1,0.4303783389844318
2021-02-23,2,0.4303783389844318
2021-02-23,3,0.4303783389844318
2021-02-24,1,0.3144453724895844
2021-02-24,2,0.3144453724895844
2021-02-24,3,0.3144453724895844
2021-02-25,1,0.3808384853718507
2021-02-25,2,0.3808384853718507
2021-02-25,3,0.3808384853718507
2021-02-26,1,0.367557021789645
2021-02-26,2,0.367557021789645
2021-02-26,3,0.367557021789645
2021-02-27,1,0.16113750346275393
2021-02-27,2,0.16113750346275393
2021-02-27,3,0.16113750346275393
2021-02-28,1,0.35418762571369344
2021-02-28,2,0.35418762571369344
2021-02-28,3,0.35418762571369344
2021-03-01,1,0.40259771985194837
2021-03-01,2,0.40259771985194837
2021-03-01,3,0.40259771985194837
2021-03-02,1,0.3292501217960106
2021-03-02,2,0.3292501217960106
2021-03-02,3,0.3292501217960106
2021-03-03,1,0.3460437749031062
2021-03-03,2,0.3460437749031062
2021-03-03,3,0.3460437749031062
2021-03-04,1,0.3505540522461217
2021-03-04,2,0.3505540522461217
2021-03-04,3,0.3505540522461217
2021-03-05,1,0.35696394421918687
2021-03-05,2,0.35696394421918687
2021-03-05,3,0.35696394421918687
2021-03-06,1,0.6189857995609929
2021-03-06,2,0.6189857995609929
2021-03-06,3,0.6189857995609929
2021-03-07,1,0.489086401692412
2021-03-07,2,0.489086401692412
2021-03-07,3,0.489086401692412
2021-03-08,1,0.45789316337538866
2021-03-08,2,0.45789316337538866
2021-03-08,3,0.45789316337538866
2021-03-09,1,0.37282957441038955
2021-03-09,2,0.37282957441038955
2021-03-09,3,0.37282957441038955
2021-03-10,1,0.2870597738392582
2021-03-10,2,0.2870597738392582
2021-03-10,3,0.2870597738392582
2021-03-11,1,0.259799699305315
2021-03-11,2,0.259799699305315
2021-03-11,3,0.259799699305315
2021-03-12,1,0.3577005765101082
2021-03-12,2,0.3577005765101082
2021-03-12,3,0.3577005765101082
2021-03-13,1,0.4192538916842832
2021-03-13,2,0.4192538916842832
2021-03-13,3,0.4192538916842832
2021-03-14,1,0.3243146153050167
2021-03-14,2,0.3243146153050167
2021-03-14,3,0.3243146153050167
2021-03-15,1,0.5081158523350678
2021-03-15,2,0.5081158523350678
2021-03-15,3,0.5081158523350678
2021-03-16,1,0.5331173328232094
2021-03-16,2,0.5331173328232094
2021-03-16,3,0.5331173328232094
2021-03-17,1,0.420991634721799
2021-03-17,2,0.420991634721799
2021-03-17,3,0.420991634721799
2021-03-18,1,0.4553529872178602
2021-03-18,2,0.4553529872178602
2021-03-18,3,0.4553529872178602
2021-03-19,1,0.39160221016496866
2021-03-19,2,0.39160221016496866
2021-03-19,3,0.39160221016496866
2021-03-20,1,0.4050764566065699
2021-03-20,2,0.4050764566065699
2021-03-20,3,0.4050764566065699
2021-03-21,1,0.38295613799505424
2021-03-21,2,0.38295613799505424
2021-03-21,3,0.38295613799505424
2021-03-22,1,0.42957319038028874
2021-03-22,2,0.42957319038028874
2021-03-22,3,0.42957319038028874
2021-03-23,1,0.5112605135327251
2021-03-23,2,0.5112605135327251
2021-03-23,3,0.5112605135327251
2021-03-24,1,0.46387154659320073
2021-03-24,2,0.46387154659320073
2021-03-24,3,0.46387154659320073
2021-03-25,1,0.3927090982170349
2021-03-25,2,0.3927090982170349
2021-03-25,3,0.3927090982170349
2021-03-26,1,0.3532527672037691
2021-03-26,2,0.3532527672037691
2021-03-26,3,0.3532527672037691
2021-03-27,1,0.28513068605452185
2021-03-27,2,0.28513068605452185
2021-03-27,3,0.28513068605452185
2021-03-28,1,0.320728935051316
2021-03-28,2,0.320728935051316
2021-03-28,3,0.320728935051316
2021-03-29,1,0.574896906056343
2021-03-29,2,0.574896906056343
2021-03-29,3,0.574896906056343
2021-03-30,1,0.39962727519314223
2021-03-30,2,0.39962727519314223
2021-03-30,3,0.39962727519314223
2021-03-31,1,0.3910733368834123
2021-03-31,2,0.3910733368834123
2021-03-31,3,0.3910733368834123
2021-04-01,1,0.3632258709351436
2021-04-01,2,0.3632258709351436
2021-04-01,3,0.3632258709351436
2021-04-02,1,0.26174258564148334
2021-04-02,2,0.26174258564148334
2021-04-02,3,0.26174258564148334
2021-04-03,1,0.40899357045383034
2021-04-03,2,0.40899357045383034
2021-04-03,3,0.40899357045383034
2021-04-04,1,0.3014323414206568
2021-04-04,2,0.3014323414206568
2021-04-04,3,0.3014323414206568
2021-04-05,1,0.5245130210302186
2021-04-05,2,0.5245130210302186
2021-04-05,3,0.5245130210302186
2021-04-06,1,0.39421795401784465
2021-04-06,2,0.39421795401784465
2021-04-06,3,0.39421795401784465
2021-04-07,1,0.3463427721228382
2021-04-07,2,0.3463427721228382
2021-04-07,3,0.3463427721228382
2021-04-08,1,0.2773379289151481
2021-04-08,2,0.2773379289151481
2021-04-08,3,0.2773379289151481
2021-04-09,1,0.3671696105928104
2021-04-09,2,0.3671696105928104
2021-04-09,3,0.3671696105928104
2021-04-10,1,0.18487601100940088
2021-04-10,2,0.18487601100940088
2021-04-10,3,0.18487601100940088
2021-04-11,1,0.40067744939242067
2021-04-11,2,0.40067744939242067
2021-04-11,3,0.40067744939242067
2021-04-12,1,0.4359681385022903
2021-04-12,2,0.4359681385022903
2021-04-12,3,0.4359681385022903
2021-04-13,1,0.3900336517495344
2021-04-13,2,0.3900336517495344
2021-04-13,3,0.3900336517495344
2021-04-14,1,0.33335216782437405
2021-04-14,2,0.33335216782437405
2021-04-14,3,0.33335216782437405
2021-04-15,1,0.13235798500539234
2021-04-15,2,0.13235798500539234
2021-04-15,3,0.13235798500539234
2021-04-16,1,0.30968473656593604
2021-04-16,2,0.30968473656593604
2021-04-16,3,0.30968473656593604
2021-04-17,1,0.3975630217953482
2021-04-17,2,0.3975630217953482
2021-04-17,3,0.3975630217953482
2021-04-18,1,0.3789170719993977
2021-04-18,2,0.3789170719993977
2021-04-18,3,0.3789170719993977
2021-04-19,1,0.569631968853792
2021-04-19,2,0.569631968853792
2021-04-19,3,0.569631968853792
2021-04-20,1,0.42477111627116915
2021-04-20,2,0.42477111627116915
2021-04-20,3,0.42477111627116915
2021-04-21,1,0.36708899310853504
2021-04-21,2,0.36708899310853504
2021-04-21,3,0.36708899310853504
2021-04-22,1,0.5270895174890685
2021-04-22,2,0.5270895174890685
2021-04-22,3,0.5270895174890685
2021-04-23,1,0.3353419930941359
2021-04-23,2,0.3353419930941359
2021-04-23,3,0.3353419930941359
2021-04-24,1,0.3515792695704131
2021-04-24,2,0.3515792695704131
2021-04-24,3,0.3515792695704131
2021-04-25,1,0.37605000287797086
2021-04-25,2,0.37605000287797086
2021-04-25,3,0.37605000287797086
2021-04-26,1,0.5769482665680992
2021-04-26,2,0.5769482665680992
2021-04-26,3,0.5769482665680992
2021-04-27,1,0.4813353519700382
2021-04-27,2,0.4813353519700382
2021-04-27,3,0.4813353519700382
2021-04-28,1,0.36796557452514334
2021-04-28,2,0.36796557452514334
2021-04-28,3,0.36796557452514334
2021-04-29,1,0.4051094603947073
2021-04-29,2,0.4051094603947073
2021-04-29,3,0.4051094603947073
2021-04-30,1,0.3272424955411362
2021-04-30,2,0.3272424955411362
2021-04-30,3,0.3272424955411362
2021-05-01,1,0.3168011997993727
2021-05-01,2,0.3168011997993727
2021-05-01,3,0.3168011997993727
2021-05-02,1,0.4495831721275676
2021-05-02,2,0.4495831721275676
2021-05-02,3,0.4495831721275676
2021-05-03,1,0.29220260407330145
2021-05-03,2,0.29220260407330145
2021-05-03,3,0.29220260407330145
2021-05-04,1,0.39967783361572384
2021-05-04,2,0.39967783361572384
2021-05-04,3,0.39967783361572384
2021-05-05,1,0.2868026050633763
2021-05-05,2,0.2868026050633763
2021-05-05,3,0.2868026050633763
2021-05-06,1,0.25815415605519343
2021-05-06,2,0.25815415605519343
2021-05-06,3,0.25815415605519343
2021-05-07,1,0.4898245215276219
2021-05-07,2,0.4898245215276219
2021-05-07,3,0.4898245215276219
2021-05-08,1,0.36476182630371945
2021-05-08,2,0.36476182630371945
2021-05-08,3,0.36476182630371945
2021-05-09,1,0.2267723712874623
2021-05-09,2,0.2267723712874623
2021-05-09,3,0.2267723712874623
2021-05-10,1,0.3181298114512652
2021-05-10,2,0.3181298114512652
2021-05-10,3,0.3181298114512652
2021-05-11,1,0.306778121809141
2021-05-11,2,0.306778121809141
2021-05-11,3,0.306778121809141
2021-05-12,1,0.30238423660131974
2021-05-12,2,0.30238423660131974
2021-05-12,3,0.30238423660131974
2021-05-13,1,0.3895148931096927
2021-05-13,2,0.3895148931096927
2021-05-13,3,0.3895148931096927
2021-05-14,1,0.3731536488307027
2021-05-14,2,0.3731536488307027
2021-05-14,3,0.3731536488307027
2021-05-15,1,0.33584258953351476
2021-05-15,2,0.33584258953351476
2021-05-15,3,0.33584258953351476
2021-05-16,1,0.30820502043071385
2021-05-16,2,0.30820502043071385
2021-05-16,3,0.30820502043071385
2021-05-17,1,0.3969816026139028
2021-05-17,2,0.3969816026139028
2021-05-17,3,0.3969816026139028
2021-05-18,1,0.2432086288408666
2021-05-18,2,0.2432086288408666
2021-05-18,3,0.2432086288408666
2021-05-19,1,0.2776609463684257
2021-05-19,2,0.2776609463684257
2021-05-19,3,0.2776609463684257
2021-05-20,1,0.3110547232558103
2021-05-20,2,0.3110547232558103
2021-05-20,3,0.3110547232558103
2021-05-21,1,0.32730352168066923
2021-05-21,2,0.32730352168066923
2021-05-21,3,0.32730352168066923
2021-05-22,1,0.3105507807045224
2021-05-22,2,0.3105507807045224
2021-05-22,3,0.3105507807045224
2021-05-23,1,0.3444594939540643
2021-05-23,2,0.3444594939540643
2021-05-23,3,0.3444594939540643
2021-05-24,1,0.4034323595980398
2021-05-24,2,0.4034323595980398
2021-05-24,3,0.4034323595980398
2021-05-25,1,0.3067227973043615
2021-05-25,2,0.3067227973043615
2021-05-25,3,0.3067227973043615
2021-05-26,1,0.3423034201582347
2021-05-26,2,0.3423034201582347
2021-05-26,3,0.3423034201582347
2021-05-27,1,0.2538361669963715
2021-05-27,2,0.2538361669963715
2021-05-27,3,0.2538361669963715
2021-05-28,1,0.22664988860333066
2021-05-28,2,0.22664988860333066
2021-05-28,3,0.22664988860333066
2021-05-29,1,0.23054668792271235
2021-05-29,2,0.23054668792271235
2021-05-29,3,0.23054668792271235
2021-05-30,1,0.28637775567998486
2021-05-30,2,0.28637775567998486
2021-05-30,3,0.28637775567998486
2021-05-31,1,0.5812320491634764
2021-05-31,2,0.5812320491634764
2021-05-31,3,0.5812320491634764
2021-06-01,1,0.36571132161201847
2021-06-01,2,0.36571132161201847
2021-06-01,3,0.36571132161201847
2021-06-02,1,0.3882358003810581
2021-06-02,2,0.3882358003810581
2021-06-02,3,0.3882358003810581
2021-06-03,1,0.36488241235226027
2021-06-03,2,0.36488241235226027
2021-06-03,3,0.36488241235226027
2021-06-04,1,0.37340086947497064
2021-06-04,2,0.37340086947497064
2021-06-04,3,0.37340086947497064
2021-06-05,1,0.2167847013580868
2021-06-05,2,0.2167847013580868
2021-06-05,3,0.2167847013580868
2021-06-06,1,0.3093510013942623
2021-06-06,2,0.3093510013942623
2021-06-06,3,0.3093510013942623
2021-06-07,1,0.24913640130008613
2021-06-07,2,0.24913640130008613
2021-06-07,3,0.24913640130008613
2021-06-08,1,0.28231932602868715
2021-06-08,2,0.28231932602868715
2021-06-08,3,0.28231932602868715
2021-06-09,1,0.28691686449971887
2021-06-09,2,0.28691686449971887
2021-06-09,3,0.28691686449971887
2021-06-10,1,0.3576926478185368
2021-06-10,2,0.3576926478185368
2021-06-10,3,0.3576926478185368
2021-06-11,1,0.30408532733044635
2021-06-11,2,0.30408532733044635
2021-06-11,3,0.30408532733044635
2021-06-12,1,0.3272661020798391
2021-06-12,2,0.3272661020798391
2021-06-12,3,0.3272661020798391
2021-06-13,1,0.3943843409450808
2021-06-13,2,0.3943843409450808
2021-06-13,3,0.3943843409450808
2021-06-14,1,0.3098809489689641
2021-06-14,2,0.3098809489689641
2021-06-14,3,0.3098809489689641
2021-06-15,1,0.19713548909568993
2021-06-15,2,0.19713548909568993
2021-06-15,3,0.19713548909568993
2021-06-16,1,0.1698727713243529
2021-06-16,2,0.1698727713243529
2021-06-16,3,0.1698727713243529
2021-06-17,1,0.20252534045944415
2021-06-17,2,0.20252534045944415
2021-06-17,3,0.20252534045944415
2021-06-18,1,0.24590082157690102
2021-06-18,2,0.24590082157690102
2021-06-18,3,0.24590082157690102
2021-06-19,1,0.24032256594396245
2021-06-19,2,0.24032256594396245
2021-06-19,3,0.24032256594396245
2021-06-20,1,0.24260959877677898
2021-06-20,2,0.24260959877677898
2021-06-20,3,0.24260959877677898
2021-06-21,1,0.4784991082944301
2021-06-21,2,0.4784991082944301
2021-06-21,3,0.4784991082944301
2021-06-22,1,0.33056159512322936
2021-06-22,2,0.33056159512322936
2021-06-22,3,0.33056159512322936
2021-06-23,1,0.2367452152831937
2021-06-23,2,0.2367452152831937
2021-06-23,3,0.2367452152831937
2021-06-24,1,0.13428757367346944
2021-06-24,2,0.13428757367346944
2021-06-24,3,0.13428757367346944
2021-06-25,1,0.19767825826204127
2021-06-25,2,0.19767825826204127
2021-06-25,3,0.19767825826204127
2021-06-26,1,0.24434509561474266
2021-06-26,2,0.24434509561474266
2021-06-26,3,0.24434509561474266
2021-06-27,1,0.17483508150355664
2021-06-27,2,0.17483508150355664
2021-06-27,3,0.17483508150355664
2021-06-28,1,0.5115305085666773
2021-06-28,2,0.5115305085666773
2021-06-28,3,0.5115305085666773
2021-06-29,1,0.3188251055382435
2021-06-29,2,0.3188251055382435
2021-06-29,3,0.3188251055382435
2021-06-30,1,0.31763485837729044
2021-06-30,2,0.31763485837729044
2021-06-30,3,0.31763485837729044
2021-07-01,1,0.42828628774160915
2021-07-01,2,0.42828628774160915
2021-07-01,3,0.42828628774160915
2021-07-02,1,0.3924018895840321
2021-07-02,2,0.3924018895840321
2021-07-02,3,0.3924018895840321
2021-07-03,1,0.1
2021-07-03,2,0.1
2021-07-03,3,0.1
2021-07-04,1,0.3514388903214357
2021-07-04,2,0.3514388903214357
2021-07-04,3,0.3514388903214357
2021-07-05,1,0.15827977899180926
2021-07-05,2,0.15827977899180926
2021-07-05,3,0.15827977899180926
2021-07-06,1,0.3591925050761837
2021-07-06,2,0.3591925050761837
2021-07-06,3,0.3591925050761837
2021-07-07,1,0.35443565193314597
2021-07-07,2,0.35443565193314597
2021-07-07,3,0.35443565193314597
2021-07-08,1,0.39098026717152445
2021-07-08,2,0.39098026717152445
2021-07-08,3,0.39098026717152445
2021-07-09,1,0.21263548452536135
2021-07-09,2,0.21263548452536135
2021-07-09,3,0.21263548452536135
2021-07-10,1,0.1438523762348105
2021-07-10,2,0.1438523762348105
2021-07-10,3,0.1438523762348105
2021-07-11,1,0.4072042197981065
2021-07-11,2,0.4072042197981065
2021-07-11,3,0.4072042197981065
2021-07-12,1,0.4385355315611317
2021-07-12,2,0.4385355315611317
2021-07-12,3,0.4385355315611317
2021-07-13,1,0.4038947296731742
2021-07-13,2,0.4038947296731742
2021-07-13,3,0.4038947296731742
2021-07-14,1,0.34857160821917604
2021-07-14,2,0.34857160821917604
2021-07-14,3,0.34857160821917604
2021-07-15,1,0.28456786461147665
2021-07-15,2,0.28456786461147665
2021-07-15,3,0.28456786461147665
2021-07-16,1,0.39029873039537333
2021-07-16,2,0.39029873039537333
2021-07-16,3,0.39029873039537333
2021-07-17,1,0.24078945813522223
2021-07-17,2,0.24078945813522223
2021-07-17,3,0.24078945813522223
2021-07-18,1,0.2937167335559015
2021-07-18,2,0.2937167335559015
2021-07-18,3,0.2937167335559015
2021-07-19,1,0.36271667314211486
2021-07-19,2,0.36271667314211486
2021-07-19,3,0.36271667314211486
2021-07-20,1,0.2384755168325098
2021-07-20,2,0.2384755168325098
2021-07-20,3,0.2384755168325098
2021-07-21,1,0.4110960394944124
2021-07-21,2,0.4110960394944124
2021-07-21,3,0.4110960394944124
2021-07-22,1,0.34142644267688765
2021-07-22,2,0.34142644267688765
2021-07-22,3,0.34142644267688765
2021-07-23,1,0.41599101753030776
2021-07-23,2,0.41599101753030776
2021-07-23,3,0.41599101753030776
2021-07-24,1,0.40945458947861935
2021-07-24,2,0.40945458947861935
2021-07-24,3,0.40945458947861935
2021-07-25,1,0.2878621386866672
2021-07-25,2,0.2878621386866672
2021-07-25,3,0.2878621386866672
2021-07-26,1,0.43273744810306924
2021-07-26,2,0.43273744810306924
2021-07-26,3,0.43273744810306924
2021-07-27,1,0.41546359537090227
2021-07-27,2,0.41546359537090227
2021-07-27,3,0.41546359537090227
2021-07-28,1,0.32612406059075727
2021-07-28,2,0.32612406059075727
2021-07-28,3,0.32612406059075727
2021-07-29,1,0.3770934200212731
2021-07-29,2,0.3770934200212731
2021-07-29,3,0.3770934200212731
2021-07-30,1,0.3780882310991378
2021-07-30,2,0.3780882310991378
2021-07-30,3,0.3780882310991378
2021-07-31,1,0.3061980626128934
2021-07-31,2,0.3061980626128934
2021-07-31,3,0.3061980626128934
2021-08-01,1,0.34343114140651787
2021-08-01,2,0.34343114140651787
2021-08-01,3,0.34343114140651787
2021-08-02,1,0.2858489177390162
2021-08-02,2,0.2858489177390162
2021-08-02,3,0.2858489177390162
2021-08-03,1,0.5395387122802311
2021-08-03,2,0.5395387122802311
2021-08-03,3,0.5395387122802311
2021-08-04,1,0.4462819760031064
2021-08-04,2,0.4462819760031064
2021-08-04,3,0.4462819760031064
2021-08-05,1,0.5203004921796156
2021-08-05,2,0.5203004921796156
2021-08-05,3,0.5203004921796156
2021-08-06,1,0.2638916820089021
2021-08-06,2,0.2638916820089021
2021-08-06,3,0.2638916820089021
2021-08-07,1,0.33729204276653935
2021-08-07,2,0.33729204276653935
2021-08-07,3,0.33729204276653935
2021-08-08,1,0.3977020076116107
2021-08-08,2,0.3977020076116107
2021-08-08,3,0.3977020076116107
2021-08-09,1,0.5612183787977041
2021-08-09,2,0.5612183787977041
2021-08-09,3,0.5612183787977041
2021-08-10,1,0.4031859631745358
2021-08-10,2,0.4031859631745358
2021-08-10,3,0.4031859631745358
2021-08-11,1,0.36720355029977636
2021-08-11,2,0.36720355029977636
2021-08-11,3,0.36720355029977636
2021-08-12,1,0.2749088660522851
2021-08-12,2,0.2749088660522851
2021-08-12,3,0.2749088660522851
2021-08-13,1,0.35034377691966834
2021-08-13,2,0.35034377691966834
2021-08-13,3,0.35034377691966834
2021-08-14,1,0.4079253609230308
2021-08-14,2,0.4079253609230308
2021-08-14,3,0.4079253609230308
2021-08-15,1,0.6138216688416355
2021-08-15,2,0.6138216688416355
2021-08-15,3,0.6138216688416355
2021-08-16,1,0.3912251469826362
2021-08-16,2,0.3912251469826362
2021-08-16,3,0.3912251469826362
2021-08-17,1,0.49246311573021495
2021-08-17,2,0.49246311573021495
2021-08-17,3,0.49246311573021495
2021-08-18,1,0.3364765876229316
2021-08-18,2,0.3364765876229316
2021-08-18,3,0.3364765876229316
2021-08-19,1,0.4257120364752712
2021-08-19,2,0.4257120364752712
2021-08-19,3,0.4257120364752712
2021-08-20,1,0.23552545706805114
2021-08-20,2,0.23552545706805114
2021-08-20,3,0.23552545706805114
2021-08-21,1,0.26524430191353365
2021-08-21,2,0.26524430191353365
2021-08-21,3,0.26524430191353365
2021-08-22,1,0.41691376552613224
2021-08-22,2,0.41691376552613224
2021-08-22,3,0.41691376552613224
2021-08-23,1,0.4026077201344175
2021-08-23,2,0.4026077201344175
2021-08-23,3,0.4026077201344175
2021-08-24,1,0.42401555487207687
2021-08-24,2,0.42401555487207687
2021-08-24,3,0.42401555487207687
2021-08-25,1,0.4108817427712448
2021-08-25,2,0.4108817427712448
2021-08-25,3,0.4108817427712448
2021-08-26,1,0.3570780669554334
2021-08-26,2,0.3570780669554334
2021-08-26,3,0.3570780669554334
2021-08-27,1,0.5231501509175529
2021-08-27,2,0.5231501509175529
2021-08-27,3,0.5231501509175529
2021-08-28,1,0.30623708243138487
2021-08-28,2,0.30623708243138487
2021-08-28,3,0.30623708243138487
2021-08-29,1,0.3833362927156476
2021-08-29,2,0.3833362927156476
2021-08-29,3,0.3833362927156476
2021-08-30,1,0.47437896780434863
2021-08-30,2,0.47437896780434863
2021-08-30,3,0.47437896780434863
2021-08-31,1,0.45697343574770466
2021-08-31,2,0.45697343574770466
2021-08-31,3,0.45697343574770466
2021-09-01,1,0.4849190725584622
2021-09-01,2,0.4849190725584622
2021-09-01,3,0.4849190725584622
2021-09-02,1,0.5643430945271846
2021-09-02,2,0.5643430945271846
2021-09-02,3,0.5643430945271846
2021-09-03,1,0.45130203333267327
2021-09-03,2,0.45130203333267327
2021-09-03,3,0.45130203333267327
2021-09-04,1,0.4625403866816954
2021-09-04,2,0.4625403866816954
2021-09-04,3,0.4625403866816954
2021-09-05,1,0.40891952269946596
2021-09-05,2,0.40891952269946596
2021-09-05,3,0.40891952269946596
2021-09-06,1,0.3896491966442901
2021-09-06,2,0.3896491966442901
2021-09-06,3,0.3896491966442901
2021-09-07,1,0.6235208273547517
2021-09-07,2,0.6235208273547517
2021-09-07,3,0.6235208273547517
2021-09-08,1,0.5035062501971034
2021-09-08,2,0.5035062501971034
2021-09-08,3,0.5035062501971034
2021-09-09,1,0.4860929810728307
2021-09-09,2,0.4860929810728307
2021-09-09,3,0.4860929810728307
2021-09-10,1,0.3857268830405792
2021-09-10,2,0.3857268830405792
2021-09-10,3,0.3857268830405792
2021-09-11,1,0.47145480632357617
2021-09-11,2,0.47145480632357617
2021-09-11,3,0.47145480632357617
2021-09-12,1,0.5901348244393908
2021-09-12,2,0.5901348244393908
2021-09-12,3,0.5901348244393908
2021-09-13,1,0.5925693933912665
2021-09-13,2,0.5925693933912665
2021-09-13,3,0.5925693933912665
2021-09-14,1,0.5839952117179698
2021-09-14,2,0.5839952117179698
2021-09-14,3,0.5839952117179698
2021-09-15,1,0.5631085894221448
2021-09-15,2,0.5631085894221448
2021-09-15,3,0.5631085894221448
2021-09-16,1,0.6750616085441512
2021-09-16,2,0.6750616085441512
2021-09-16,3,0.6750616085441512
2021-09-17,1,0.5740995194199531
2021-09-17,2,0.5740995194199531
2021-09-17,3,0.5740995194199531
2021-09-18,1,0.5309087520429406
2021-09-18,2,0.5309087520429406
2021-09-18,3,0.5309087520429406
2021-09-19,1,0.5919375126026398
2021-09-19,2,0.5919375126026398
2021-09-19,3,0.5919375126026398
2021-09-20,1,0.5174862842195729
2021-09-20,2,0.5174862842195729
2021-09-20,3,0.5174862842195729
2021-09-21,1,0.5769121228531324
2021-09-21,2,0.5769121228531324
2021-09-21,3,0.5769121228531324
2021-09-22,1,0.30779449689339095
2021-09-22,2,0.30779449689339095
2021-09-22,3,0.30779449689339095
2021-09-23,1,0.43890515339260294
2021-09-23,2,0.43890515339260294
2021-09-23,3,0.43890515339260294
2021-09-24,1,0.6716574331695611
2021-09-24,2,0.6716574331695611
2021-09-24,3,0.6716574331695611
2021-09-25,1,0.546382970888842
2021-09-25,2,0.546382970888842
2021-09-25,3,0.546382970888842
2021-09-26,1,0.503736790941429
2021-09-26,2,0.503736790941429
2021-09-26,3,0.503736790941429
2021-09-27,1,0.592664196634362
2021-09-27,2,0.592664196634362
2021-09-27,3,0.592664196634362
2021-09-28,1,0.5413191365499784
2021-09-28,2,0.5413191365499784
2021-09-28,3,0.5413191365499784
2021-09-29,1,0.42822717817045164
2021-09-29,2,0.42822717817045164
2021-09-29,3,0.42822717817045164
2021-09-30,1,0.35427735976362607
2021-09-30,2,0.35427735976362607
2021-09-30,3,0.35427735976362607
2021-10-01,1,0.6544134873591918
2021-10-01,2,0.6544134873591918
2021-10-01,3,0.6544134873591918
2021-10-02,1,0.40882127887896524
2021-10-02,2,0.40882127887896524
2021-10-02,3,0.40882127887896524
2021-10-03,1,0.5861130689099701
2021-10-03,2,0.5861130689099701
2021-10-03,3,0.5861130689099701
2021-10-04,1,0.5071311409317306
2021-10-04,2,0.5071311409317306
2021-10-04,3,0.5071311409317306
2021-10-05,1,0.52804133934501
2021-10-05,2,0.52804133934501
2021-10-05,3,0.52804133934501
2021-10-06,1,0.5152406206649874
2021-10-06,2,0.5152406206649874
2021-10-06,3,0.5152406206649874
2021-10-07,1,0.4499258696192727
2021-10-07,2,0.4499258696192727
2021-10-07,3,0.4499258696192727
2021-10-08,1,0.393269160196173
2021-10-08,2,0.393269160196173
2021-10-08,3,0.393269160196173
2021-10-09,1,0.3374011290833161
2021-10-09,2,0.3374011290833161
2021-10-09,3,0.3374011290833161
2021-10-10,1,0.49967096014754275
2021-10-10,2,0.49967096014754275
2021-10-10,3,0.49967096014754275
2021-10-11,1,0.5469351968875485
2021-10-11,2,0.5469351968875485
2021-10-11,3,0.5469351968875485
2021-10-12,1,0.45610079073794985
2021-10-12,2,0.45610079073794985
2021-10-12,3,0.45610079073794985
2021-10-13,1,0.36591752291893853
2021-10-13,2,0.36591752291893853
2021-10-13,3,0.36591752291893853
2021-10-14,1,0.47510527713834394
2021-10-14,2,0.47510527713834394
2021-10-14,3,0.47510527713834394
2021-10-15,1,0.6010065522982024
2021-10-15,2,0.6010065522982024
2021-10-15,3,0.6010065522982024
2021-10-16,1,0.4728324347984717
2021-10-16,2,0.4728324347984717
2021-10-16,3,0.4728324347984717
2021-10-17,1,0.47154353183527387
2021-10-17,2,0.47154353183527387
2021-10-17,3,0.47154353183527387
2021-10-18,1,0.5036646525141479
2021-10-18,2,0.5036646525141479
2021-10-18,3,0.5036646525141479
2021-10-19,1,0.5298672842349467
2021-10-19,2,0.5298672842349467
2021-10-19,3,0.5298672842349467
2021-10-20,1,0.4927075206873709
2021-10-20,2,0.4927075206873709
2021-10-20,3,0.4927075206873709
2021-10-21,1,0.44757893210238353
2021-10-21,2,0.44757893210238353
2021-10-21,3,0.44757893210238353
2021-10-22,1,0.6064101726653788
2021-10-22,2,0.6064101726653788
2021-10-22,3,0.6064101726653788
2021-10-23,1,0.5292111007840075
2021-10-23,2,0.5292111007840075
2021-10-23,3,0.5292111007840075
2021-10-24,1,0.4428849307018565
2021-10-24,2,0.4428849307018565
2021-10-24,3,0.4428849307018565
2021-10-25,1,0.42982937467505433
2021-10-25,2,0.42982937467505433
2021-10-25,3,0.42982937467505433
2021-10-26,1,0.5475460522159018
2021-10-26,2,0.5475460522159018
2021-10-26,3,0.5475460522159018
2021-10-27,1,0.41838692860978677
2021-10-27,2,0.41838692860978677
2021-10-27,3,0.41838692860978677
2021-10-28,1,0.37570360254148405
2021-10-28,2,0.37570360254148405
2021-10-28,3,0.37570360254148405
2021-10-29,1,0.42673778460096934
2021-10-29,2,0.42673778460096934
2021-10-29,3,0.42673778460096934
2021-10-30,1,0.4114212063899375
2021-10-30,2,0.4114212063899375
2021-10-30,3,0.4114212063899375
2021-10-31,1,0.46437651643050326
2021-10-31,2,0.46437651643050326
2021-10-31,3,0.46437651643050326
2021-11-01,1,0.4964559878112209
2021-11-01,2,0.4964559878112209
2021-11-01,3,0.4964559878112209
2021-11-02,1,0.46979410759397755
2021-11-02,2,0.46979410759397755
2021-11-02,3,0.46979410759397755
2021-11-03,1,0.553299316948553
2021-11-03,2,0.553299316948553
2021-11-03,3,0.553299316948553
2021-11-04,1,0.4166742545760944
2021-11-04,2,0.4166742545760944
2021-11-04,3,0.4166742545760944
2021-11-05,1,0.4664741602170629
2021-11-05,2,0.4664741602170629
2021-11-05,3,0.4664741602170629
2021-11-06,1,0.4502665170552185
2021-11-06,2,0.4502665170552185
2021-11-06,3,0.4502665170552185
2021-11-07,1,0.3926009927432407
2021-11-07,2,0.3926009927432407
2021-11-07,3,0.3926009927432407
2021-11-08,1,0.6749011476787841
2021-11-08,2,0.6749011476787841
2021-11-08,3,0.6749011476787841
2021-11-09,1,0.4756287326300179
2021-11-09,2,0.4756287326300179
2021-11-09,3,0.4756287326300179
2021-11-10,1,0.38252381218841813
2021-11-10,2,0.38252381218841813
2021-11-10,3,0.38252381218841813
2021-11-11,1,0.422870536505631
2021-11-11,2,0.422870536505631
2021-11-11,3,0.422870536505631
2021-11-12,1,0.40015706614420055
2021-11-12,2,0.40015706614420055
2021-11-12,3,0.40015706614420055
2021-11-13,1,0.3044592436605208
2021-11-13,2,0.3044592436605208
2021-11-13,3,0.3044592436605208
2021-11-14,1,0.5976081812316184
2021-11-14,2,0.5976081812316184
2021-11-14,3,0.5976081812316184
2021-11-15,1,0.5052506322746362
2021-11-15,2,0.5052506322746362
2021-11-15,3,0.5052506322746362
2021-11-16,1,0.5300004895191636
2021-11-16,2,0.5300004895191636
2021-11-16,3,0.5300004895191636
2021-11-17,1,0.34478612132738184
2021-11-17,2,0.34478612132738184
2021-11-17,3,0.34478612132738184
2021-11-18,1,0.4116655632423746
2021-11-18,2,0.4116655632423746
2021-11-18,3,0.4116655632423746
2021-11-19,1,0.42569159706825843
2021-11-19,2,0.42569159706825843
2021-11-19,3,0.42569159706825843
2021-11-20,1,0.543854177088325
2021-11-20,2,0.543854177088325
2021-11-20,3,0.543854177088325
2021-11-21,1,0.5402809878396534
2021-11-21,2,0.5402809878396534
2021-11-21,3,0.5402809878396534
2021-11-22,1,0.4708633805434984
2021-11-22,2,0.4708633805434984
2021-11-22,3,0.4708633805434984
2021-11-23,1,0.438018234082023
2021-11-23,2,0.438018234082023
2021-11-23,3,0.438018234082023
2021-11-24,1,0.5450458458317514
2021-11-24,2,0.5450458458317514
2021-11-24,3,0.5450458458317514
2021-11-25,1,0.46094913330448306
2021-11-25,2,0.46094913330448306
2021-11-25,3,0.46094913330448306
2021-11-26,1,0.46950993288274434
2021-11-26,2,0.46950993288274434
2021-11-26,3,0.46950993288274434
2021-11-27,1,0.44803261993660193
2021-11-27,2,0.44803261993660193
2021-11-27,3,0.44803261993660193
2021-11-28,1,0.42112387640673665
2021-11-28,2,0.42112387640673665
2021-11-28,3,0.42112387640673665
2021-11-29,1,0.5619563943279222
2021-11-29,2,0.5619563943279222
2021-11-29,3,0.5619563943279222
2021-11-30,1,0.4575791582491654
2021-11-30,2,0.4575791582491654
2021-11-30,3,0.4575791582491654
2021-12-01,1,0.457619179401887
2021-12-01,2,0.457619179401887
2021-12-01,3,0.457619179401887
2021-12-02,1,0.48461531200312646
2021-12-02,2,0.48461531200312646
2021-12-02,3,0.48461531200312646
2021-12-03,1,0.5492839128522613
2021-12-03,2,0.5492839128522613
2021-12-03,3,0.5492839128522613
2021-12-04,1,0.5975711707982135
2021-12-04,2,0.5975711707982135
2021-12-04,3,0.5975711707982135
2021-12-05,1,0.4804699643269301
2021-12-05,2,0.4804699643269301
2021-12-05,3,0.4804699643269301
2021-12-06,1,0.4597194247022469
2021-12-06,2,0.4597194247022469
2021-12-06,3,0.4597194247022469
2021-12-07,1,0.5176784926014791
2021-12-07,2,0.5176784926014791
2021-12-07,3,0.5176784926014791
2021-12-08,1,0.5702864820298795
2021-12-08,2,0.5702864820298795
2021-12-08,3,0.5702864820298795
2021-12-09,1,0.5159386435344223
2021-12-09,2,0.5159386435344223
2021-12-09,3,0.5159386435344223
2021-12-10,1,0.562019617993612
2021-12-10,2,0.562019617993612
2021-12-10,3,0.562019617993612
2021-12-11,1,0.3623752088844773
2021-12-11,2,0.3623752088844773
2021-12-11,3,0.3623752088844773
2021-12-12,1,0.530383142521077
2021-12-12,2,0.530383142521077
2021-12-12,3,0.530383142521077
2021-12-13,1,0.573432590362759
2021-12-13,2,0.573432590362759
2021-12-13,3,0.573432590362759
2021-12-14,1,0.4766347160264548
2021-12-14,2,0.4766347160264548
2021-12-14,3,0.4766347160264548
2021-12-15,1,0.5137915083742
2021-12-15,2,0.5137915083742
2021-12-15,3,0.5137915083742
2021-12-16,1,0.3521585347685603
2021-12-16,2,0.3521585347685603
2021-12-16,3,0.3521585347685603
2021-12-17,1,0.30692145215667116
2021-12-17,2,0.30692145215667116
2021-12-17,3,0.30692145215667116
2021-12-18,1,0.4541128970519075
2021-12-18,2,0.4541128970519075
2021-12-18,3,0.4541128970519075
2021-12-19,1,0.49192149133789786
2021-12-19,2,0.49192149133789786
2021-12-19,3,0.49192149133789786
2021-12-20,1,0.5571571962357471
2021-12-20,2,0.5571571962357471
2021-12-20,3,0.5571571962357471
2021-12-21,1,0.5909441151994472
2021-12-21,2,0.5909441151994472
2021-12-21,3,0.5909441151994472
2021-12-22,1,0.46709537514000965
2021-12-22,2,0.46709537514000965
2021-12-22,3,0.46709537514000965
2021-12-23,1,0.40565040744613556
2021-12-23,2,0.40565040744613556
2021-12-23,3,0.40565040744613556
2021-12-24,1,0.5092627290164508
2021-12-24,2,0.5092627290164508
2021-12-24,3,0.5092627290164508
2021-12-25,1,0.4802159625267345
2021-12-25,2,0.4802159625267345
2021-12-25,3,0.4802159625267345
2021-12-26,1,0.46238493384075496
2021-12-26,2,0.46238493384075496
2021-12-26,3,0.46238493384075496
2021-12-27,1,0.5601204900993064
2021-12-27,2,0.5601204900993064
2021-12-27,3,0.5601204900993064
2021-12-28,1,0.4540489010011781
2021-12-28,2,0.4540489010011781
2021-12-28,3,0.4540489010011781
2021-12-29,1,0.5023098431497486
2021-12-29,2,0.5023098431497486
2021-12-29,3,0.5023098431497486
2021-12-30,1,0.5233068325949242
2021-12-30,2,0.5233068325949242
2021-12-30,3,0.5233068325949242
2021-12-31,1,0.36611902961003007
2021-12-31,2,0.36611902961003007
2021-12-31,3,0.36611902961003007
2022-01-01,1,0.3719292911518103
2022-01-01,2,0.3719292911518103
2022-01-01,3,0.3719292911518103
2022-01-02,1,0.5165039049540568
2022-01-02,2,0.5165039049540568
2022-01-02,3,0.5165039049540568
2022-01-03,1,0.5352465799022487
2022-01-03,2,0.5352465799022487
2022-01-03,3,0.5352465799022487
2022-01-04,1,0.5735315466291765
2022-01-04,2,0.5735315466291765
2022-01-04,3,0.5735315466291765
2022-01-05,1,0.370076269359661
2022-01-05,2,0.370076269359661
2022-01-05,3,0.370076269359661
2022-01-06,1,0.48588472059671395
2022-01-06,2,0.48588472059671395
2022-01-06,3,0.48588472059671395
2022-01-07,1,0.6447956486203467
2022-01-07,2,0.6447956486203467
2022-01-07,3,0.6447956486203467
2022-01-08,1,0.5628243415262071
2022-01-08,2,0.5628243415262071
2022-01-08,3,0.5628243415262071
2022-01-09,1,0.5406774447467864
2022-01-09,2,0.5406774447467864
2022-01-09,3,0.5406774447467864
2022-01-10,1,0.5520125437367635
2022-01-10,2,0.5520125437367635
2022-01-10,3,0.5520125437367635
2022-01-11,1,0.4989459397133966
2022-01-11,2,0.4989459397133966
2022-01-11,3,0.4989459397133966
2022-01-12,1,0.5272788235862984
2022-01-12,2,0.5272788235862984
2022-01-12,3,0.5272788235862984
2022-01-13,1,0.5613786419673001
2022-01-13,2,0.5613786419673001
2022-01-13,3,0.5613786419673001
2022-01-14,1,0.42688181289984606
2022-01-14,2,0.42688181289984606
2022-01-14,3,0.42688181289984606
2022-01-15,1,0.553995310963614
2022-01-15,2,0.553995310963614
2022-01-15,3,0.553995310963614
2022-01-16,1,0.5495024708272115
2022-01-16,2,0.5495024708272115
2022-01-16,3,0.5495024708272115
2022-01-17,1,0.5450279682026291
2022-01-17,2,0.5450279682026291
2022-01-17,3,0.5450279682026291
2022-01-18,1,0.6363543580398041
2022-01-18,2,0.6363543580398041
2022-01-18,3,0.6363543580398041
2022-01-19,1,0.5128524587496357
2022-01-19,2,0.5128524587496357
2022-01-19,3,0.5128524587496357
2022-01-20,1,0.6175813433385897
2022-01-20,2,0.6175813433385897
2022-01-20,3,0.6175813433385897
2022-01-21,1,0.5580568155819374
2022-01-21,2,0.5580568155819374
2022-01-21,3,0.5580568155819374
2022-01-22,1,0.5770624969404751
2022-01-22,2,0.5770624969404751
2022-01-22,3,0.5770624969404751
2022-01-23,1,0.5340267318733809
2022-01-23,2,0.5340267318733809
2022-01-23,3,0.5340267318733809
2022-01-24,1,0.625521197676001
2022-01-24,2,0.625521197676001
2022-01-24,3,0.625521197676001
2022-01-25,1,0.6125479733160165
2022-01-25,2,0.6125479733160165
2022-01-25,3,0.6125479733160165
2022-01-26,1,0.5383288084593668
2022-01-26,2,0.5383288084593668
2022-01-26,3,0.5383288084593668
2022-01-27,1,0.7213568007121012
2022-01-27,2,0.7213568007121012
2022-01-27,3,0.7213568007121012
2022-01-28,1,0.6218261771220266
2022-01-28,2,0.6218261771220266
2022-01-28,3,0.6218261771220266
2022-01-29,1,0.46163987676341256
2022-01-29,2,0.46163987676341256
2022-01-29,3,0.46163987676341256
2022-01-30,1,0.4298835227872857
2022-01-30,2,0.4298835227872857
2022-01-30,3,0.4298835227872857
2022-01-31,1,0.629805485038874
2022-01-31,2,0.629805485038874
2022-01-31,3,0.629805485038874
2022-02-01,1,0.5778547156324285
2022-02-01,2,0.5778547156324285
2022-02-01,3,0.5778547156324285
2022-02-02,1,0.616526042665445
2022-02-02,2,0.616526042665445
2022-02-02,3,0.616526042665445
2022-02-03,1,0.4773900865229971
2022-02-03,2,0.4773900865229971
2022-02-03,3,0.4773900865229971
2022-02-04,1,0.5604540528434646
2022-02-04,2,0.5604540528434646
2022-02-04,3,0.5604540528434646
2022-02-05,1,0.5248796023629784
2022-02-05,2,0.5248796023629784
2022-02-05,3,0.5248796023629784
2022-02-06,1,0.5664210609384084
2022-02-06,2,0.5664210609384084
2022-02-06,3,0.5664210609384084
2022-02-07,1,0.6573297249291953
2022-02-07,2,0.6573297249291953
2022-02-07,3,0.6573297249291953
2022-02-08,1,0.5095022197607855
2022-02-08,2,0.5095022197607855
2022-02-08,3,0.5095022197607855
2022-02-09,1,0.559073945836089
2022-02-09,2,0.559073945836089
2022-02-09,3,0.559073945836089
2022-02-10,1,0.4380242271570478
2022-02-10,2,0.4380242271570478
2022-02-10,3,0.4380242271570478
2022-02-11,1,0.4441653379367264
2022-02-11,2,0.4441653379367264
2022-02-11,3,0.4441653379367264
2022-02-12,1,0.3937658841749131
2022-02-12,2,0.3937658841749131
2022-02-12,3,0.3937658841749131
2022-02-13,1,0.47561790490789857
2022-02-13,2,0.47561790490789857
2022-02-13,3,0.47561790490789857
2022-02-14,1,0.4458068496762684
2022-02-14,2,0.4458068496762684
2022-02-14,3,0.4458068496762684
2022-02-15,1,0.4806200791181908
2022-02-15,2,0.4806200791181908
2022-02-15,3,0.4806200791181908
2022-02-16,1,0.489273067153973
2022-02-16,2,0.489273067153973
2022-02-16,3,0.489273067153973
2022-02-17,1,0.344233770738125
2022-02-17,2,0.344233770738125
2022-02-17,3,0.344233770738125
2022-02-18,1,0.4645802417474857
2022-02-18,2,0.4645802417474857
2022-02-18,3,0.4645802417474857
2022-02-19,1,0.23730918903645473
2022-02-19,2,0.23730918903645473
2022-02-19,3,0.23730918903645473
2022-02-20,1,0.36010492055474874
2022-02-20,2,0.36010492055474874
2022-02-20,3,0.36010492055474874
2022-02-21,1,0.28546966752077
2022-02-21,2,0.28546966752077
2022-02-21,3,0.28546966752077
2022-02-22,1,0.36142854538916247
2022-02-22,2,0.36142854538916247
2022-02-22,3,0.36142854538916247
2022-02-23,1,0.319528852656924
2022-02-23,2,0.319528852656924
2022-02-23,3,0.319528852656924
2022-02-24,1,0.3246618993541164
2022-02-24,2,0.3246618993541164
2022-02-24,3,0.3246618993541164
2022-02-25,1,0.26226882811039
2022-02-25,2,0.26226882811039
2022-02-25,3,0.26226882811039
2022-02-26,1,0.23926258689394692
2022-02-26,2,0.23926258689394692
2022-02-26,3,0.23926258689394692
2022-02-27,1,0.3826492997888111
2022-02-27,2,0.3826492997888111
2022-02-27,3,0.3826492997888111
2022-02-28,1,0.3519213175280199
2022-02-28,2,0.3519213175280199
2022-02-28,3,0.3519213175280199
2022-03-01,1,0.40731819056073537
2022-03-01,2,0.40731819056073537
2022-03-01,3,0.40731819056073537
2022-03-02,1,0.2683852577088824
2022-03-02,2,0.2683852577088824
2022-03-02,3,0.2683852577088824
2022-03-03,1,0.18391490144596268
2022-03-03,2,0.18391490144596268
2022-03-03,3,0.18391490144596268
2022-03-04,1,0.451966709388287
2022-03-04,2,0.451966709388287
2022-03-04,3,0.451966709388287
2022-03-05,1,0.2795539589236251
2022-03-05,2,0.2795539589236251
2022-03-05,3,0.2795539589236251
2022-03-06,1,0.2544866112216514
2022-03-06,2,0.2544866112216514
2022-03-06,3,0.2544866112216514
2022-03-07,1,0.3937303980572159
2022-03-07,2,0.3937303980572159
2022-03-07,3,0.3937303980572159
2022-03-08,1,0.3029314417826306
2022-03-08,2,0.3029314417826306
2022-03-08,3,0.3029314417826306
2022-03-09,1,0.3328206459282334
2022-03-09,2,0.3328206459282334
2022-03-09,3,0.3328206459282334
2022-03-10,1,0.250758291445478
2022-03-10,2,0.250758291445478
2022-03-10,3,0.250758291445478
2022-03-11,1,0.39088857814881206
2022-03-11,2,0.39088857814881206
2022-03-11,3,0.39088857814881206
2022-03-12,1,0.24977152515004614
2022-03-12,2,0.24977152515004614
2022-03-12,3,0.24977152515004614
2022-03-13,1,0.42993815008474423
2022-03-13,2,0.42993815008474423
2022-03-13,3,0.42993815008474423
2022-03-14,1,0.42896457209506456
2022-03-14,2,0.42896457209506456
2022-03-14,3,0.42896457209506456
2022-03-15,1,0.2988942551020566
2022-03-15,2,0.2988942551020566
2022-03-15,3,0.2988942551020566
2022-03-16,1,0.20315735288066594
2022-03-16,2,0.20315735288066594
2022-03-16,3,0.20315735288066594
2022-03-17,1,0.31304861765752023
2022-03-17,2,0.31304861765752023
2022-03-17,3,0.31304861765752023
2022-03-18,1,0.3428201558786287
2022-03-18,2,0.3428201558786287
2022-03-18,3,0.3428201558786287
2022-03-19,1,0.3775363284383626
2022-03-19,2,0.3775363284383626
2022-03-19,3,0.3775363284383626
2022-03-20,1,0.29459494606356257
2022-03-20,2,0.29459494606356257
2022-03-20,3,0.29459494606356257
2022-03-21,1,0.3902407934627301
2022-03-21,2,0.3902407934627301
2022-03-21,3,0.3902407934627301
2022-03-22,1,0.38334234944868906
2022-03-22,2,0.38334234944868906
2022-03-22,3,0.38334234944868906
2022-03-23,1,0.33792781411166517
2022-03-23,2,0.33792781411166517
2022-03-23,3,0.33792781411166517
2022-03-24,1,0.360227257136557
2022-03-24,2,0.360227257136557
2022-03-24,3,0.360227257136557
2022-03-25,1,0.3828397766099104
2022-03-25,2,0.3828397766099104
2022-03-25,3,0.3828397766099104
2022-03-26,1,0.42246383885178274
2022-03-26,2,0.42246383885178274
2022-03-26,3,0.42246383885178274
2022-03-27,1,0.3577949293489816
2022-03-27,2,0.3577949293489816
2022-03-27,3,0.3577949293489816
2022-03-28,1,0.39335899294565735
2022-03-28,2,0.39335899294565735
2022-03-28,3,0.39335899294565735
2022-03-29,1,0.31103122610099876
2022-03-29,2,0.31103122610099876
2022-03-29,3,0.31103122610099876
2022-03-30,1,0.33734328552215564
2022-03-30,2,0.33734328552215564
2022-03-30,3,0.33734328552215564
2022-03-31,1,0.13273740764787523
2022-03-31,2,0.13273740764787523
2022-03-31,3,0.13273740764787523
2022-04-01,1,0.32513761277699216
2022-04-01,2,0.32513761277699216
2022-04-01,3,0.32513761277699216
2022-04-02,1,0.3197410659270372
2022-04-02,2,0.3197410659270372
2022-04-02,3,0.3197410659270372
2022-04-03,1,0.2732795563017208
2022-04-03,2,0.2732795563017208
2022-04-03,3,0.2732795563017208
2022-04-04,1,0.3543724440639743
2022-04-04,2,0.3543724440639743
2022-04-04,3,0.3543724440639743
2022-04-05,1,0.2953558371962526
2022-04-05,2,0.2953558371962526
2022-04-05,3,0.2953558371962526
2022-04-06,1,0.2229042886244575
2022-04-06,2,0.2229042886244575
2022-04-06,3,0.2229042886244575
2022-04-07,1,0.28595484385589853
2022-04-07,2,0.28595484385589853
2022-04-07,3,0.28595484385589853
2022-04-08,1,0.2772169661559056
2022-04-08,2,0.2772169661559056
2022-04-08,3,0.2772169661559056
2022-04-09,1,0.28657194837693295
2022-04-09,2,0.28657194837693295
2022-04-09,3,0.28657194837693295
2022-04-10,1,0.37273438865915987
2022-04-10,2,0.37273438865915987
2022-04-10,3,0.37273438865915987
2022-04-11,1,0.2743489265158968
2022-04-11,2,0.2743489265158968
2022-04-11,3,0.2743489265158968
2022-04-12,1,0.23652220459656628
2022-04-12,2,0.23652220459656628
2022-04-12,3,0.23652220459656628
2022-04-13,1,0.32481079606089586
2022-04-13,2,0.32481079606089586
2022-04-13,3,0.32481079606089586
2022-04-14,1,0.23314697812767665
2022-04-14,2,0.23314697812767665
2022-04-14,3,0.23314697812767665
2022-04-15,1,0.20544570350269573
2022-04-15,2,0.20544570350269573
2022-04-15,3,0.20544570350269573
2022-04-16,1,0.23341241720144684
2022-04-16,2,0.23341241720144684
2022-04-16,3,0.23341241720144684
2022-04-17,1,0.41884684675090966
2022-04-17,2,0.41884684675090966
2022-04-17,3,0.41884684675090966
2022-04-18,1,0.32977459331336745
2022-04-18,2,0.32977459331336745
2022-04-18,3,0.32977459331336745
2022-04-19,1,0.3114225927921386
2022-04-19,2,0.3114225927921386
2022-04-19,3,0.3114225927921386
2022-04-20,1,0.27605046723146953
2022-04-20,2,0.27605046723146953
2022-04-20,3,0.27605046723146953
2022-04-21,1,0.27859148771742376
2022-04-21,2,0.27859148771742376
2022-04-21,3,0.27859148771742376
2022-04-22,1,0.17147776242579318
2022-04-22,2,0.17147776242579318
2022-04-22,3,0.17147776242579318
2022-04-23,1,0.23858298925335633
2022-04-23,2,0.23858298925335633
2022-04-23,3,0.23858298925335633
2022-04-24,1,0.44591891986041476
2022-04-24,2,0.44591891986041476
2022-04-24,3,0.44591891986041476
2022-04-25,1,0.360104536391743
2022-04-25,2,0.360104536391743
2022-04-25,3,0.360104536391743
2022-04-26,1,0.3258748457325894
2022-04-26,2,0.3258748457325894
2022-04-26,3,0.3258748457325894
2022-04-27,1,0.4363223693925219
2022-04-27,2,0.4363223693925219
2022-04-27,3,0.4363223693925219
2022-04-28,1,0.39393272944507907
2022-04-28,2,0.39393272944507907
2022-04-28,3,0.39393272944507907
2022-04-29,1,0.3364249398451694
2022-04-29,2,0.3364249398451694
2022-04-29,3,0.3364249398451694
2022-04-30,1,0.26051523583989067
2022-04-30,2,0.26051523583989067
2022-04-30,3,0.26051523583989067
2022-05-01,1,0.44560836839666806
2022-05-01,2,0.44560836839666806
2022-05-01,3,0.44560836839666806
2022-05-02,1,0.24346563566810198
2022-05-02,2,0.24346563566810198
2022-05-02,3,0.24346563566810198
2022-05-03,1,0.2376057202675991
2022-05-03,2,0.2376057202675991
2022-05-03,3,0.2376057202675991
2022-05-04,1,0.2342809795954883
2022-05-04,2,0.2342809795954883
2022-05-04,3,0.2342809795954883
2022-05-05,1,0.37921160891745
2022-05-05,2,0.37921160891745
2022-05-05,3,0.37921160891745
2022-05-06,1,0.17105702624405356
2022-05-06,2,0.17105702624405356
2022-05-06,3,0.17105702624405356
2022-05-07,1,0.16885298220114126
2022-05-07,2,0.16885298220114126
2022-05-07,3,0.16885298220114126
2022-05-08,1,0.39367575362977913
2022-05-08,2,0.39367575362977913
2022-05-08,3,0.39367575362977913
2022-05-09,1,0.3045666046866108
2022-05-09,2,0.3045666046866108
2022-05-09,3,0.3045666046866108
2022-05-10,1,0.25283751894793216
2022-05-10,2,0.25283751894793216
2022-05-10,3,0.25283751894793216
2022-05-11,1,0.2142372314502773
2022-05-11,2,0.2142372314502773
2022-05-11,3,0.2142372314502773
2022-05-12,1,0.2934471318404942
2022-05-12,2,0.2934471318404942
2022-05-12,3,0.2934471318404942
2022-05-13,1,0.3099727982933603
2022-05-13,2,0.3099727982933603
2022-05-13,3,0.3099727982933603
2022-05-14,1,0.21856727726284939
2022-05-14,2,0.21856727726284939
2022-05-14,3,0.21856727726284939
2022-05-15,1,0.34759512061835907
2022-05-15,2,0.34759512061835907
2022-05-15,3,0.34759512061835907
2022-05-16,1,0.3122299158476768
2022-05-16,2,0.3122299158476768
2022-05-16,3,0.3122299158476768
2022-05-17,1,0.28595367313679415
2022-05-17,2,0.28595367313679415
2022-05-17,3,0.28595367313679415
2022-05-18,1,0.21452819345490265
2022-05-18,2,0.21452819345490265
2022-05-18,3,0.21452819345490265
2022-05-19,1,0.24581236886010677
2022-05-19,2,0.24581236886010677
2022-05-19,3,0.24581236886010677
2022-05-20,1,0.2688507690397169
2022-05-20,2,0.2688507690397169
2022-05-20,3,0.2688507690397169
2022-05-21,1,0.2490505583198066
2022-05-21,2,0.2490505583198066
2022-05-21,3,0.2490505583198066
2022-05-22,1,0.2901692350377156
2022-05-22,2,0.2901692350377156
2022-05-22,3,0.2901692350377156
2022-05-23,1,0.23806847966046008
2022-05-23,2,0.23806847966046008
2022-05-23,3,0.23806847966046008
2022-05-24,1,0.32399365759610593
2022-05-24,2,0.32399365759610593
2022-05-24,3,0.32399365759610593
2022-05-25,1,0.39795069613172773
2022-05-25,2,0.39795069613172773
2022-05-25,3,0.39795069613172773
2022-05-26,1,0.25644148479411355
2022-05-26,2,0.25644148479411355
2022-05-26,3,0.25644148479411355
2022-05-27,1,0.34380575122519963
2022-05-27,2,0.34380575122519963
2022-05-27,3,0.34380575122519963
2022-05-28,1,0.1468139657101935
2022-05-28,2,0.1468139657101935
2022-05-28,3,0.1468139657101935
2022-05-29,1,0.2886594167917693
2022-05-29,2,0.2886594167917693
2022-05-29,3,0.2886594167917693
2022-05-30,1,0.2732071998494512
2022-05-30,2,0.2732071998494512
2022-05-30,3,0.2732071998494512
2022-05-31,1,0.3103815110560474
2022-05-31,2,0.3103815110560474
2022-05-31,3,0.3103815110560474
2022-06-01,1,0.3857845312523893
2022-06-01,2,0.3857845312523893
2022-06-01,3,0.3857845312523893
2022-06-02,1,0.24558361248437802
2022-06-02,2,0.24558361248437802
2022-06-02,3,0.24558361248437802
2022-06-03,1,0.21030867317480156
2022-06-03,2,0.21030867317480156
2022-06-03,3,0.21030867317480156
2022-06-04,1,0.30168841240270455
2022-06-04,2,0.30168841240270455
2022-06-04,3,0.30168841240270455
2022-06-05,1,0.2186957904131329
2022-06-05,2,0.2186957904131329
2022-06-05,3,0.2186957904131329
2022-06-06,1,0.30514542640393416
2022-06-06,2,0.30514542640393416
2022-06-06,3,0.30514542640393416
2022-06-07,1,0.4333392230254606
2022-06-07,2,0.4333392230254606
2022-06-07,3,0.4333392230254606
2022-06-08,1,0.2834070623199356
2022-06-08,2,0.2834070623199356
2022-06-08,3,0.2834070623199356
2022-06-09,1,0.20459565346495784
2022-06-09,2,0.20459565346495784
2022-06-09,3,0.20459565346495784
2022-06-10,1,0.19689737788337813
2022-06-10,2,0.19689737788337813
2022-06-10,3,0.19689737788337813
2022-06-11,1,0.23921399605396862
2022-06-11,2,0.23921399605396862
2022-06-11,3,0.23921399605396862
2022-06-12,1,0.2912747260274554
2022-06-12,2,0.2912747260274554
2022-06-12,3,0.2912747260274554
2022-06-13,1,0.254921078268655
2022-06-13,2,0.254921078268655
2022-06-13,3,0.254921078268655
2022-06-14,1,0.20879297467542624
2022-06-14,2,0.20879297467542624
2022-06-14,3,0.20879297467542624
2022-06-15,1,0.17758013611602608
2022-06-15,2,0.17758013611602608
2022-06-15,3,0.17758013611602608
2022-06-16,1,0.24403146680856286
2022-06-16,2,0.24403146680856286
2022-06-16,3,0.24403146680856286
2022-06-17,1,0.3158239246318648
2022-06-17,2,0.3158239246318648
2022-06-17,3,0.3158239246318648
2022-06-18,1,0.14335359357482197
2022-06-18,2,0.14335359357482197
2022-06-18,3,0.14335359357482197
2022-06-19,1,0.16944564137692172
2022-06-19,2,0.16944564137692172
2022-06-19,3,0.16944564137692172
2022-06-20,1,0.20649610145542202
2022-06-20,2,0.20649610145542202
2022-06-20,3,0.20649610145542202
2022-06-21,1,0.3717629491007689
2022-06-21,2,0.3717629491007689
2022-06-21,3,0.3717629491007689
2022-06-22,1,0.36783492752803115
2022-06-22,2,0.36783492752803115
2022-06-22,3,0.36783492752803115
2022-06-23,1,0.2779423509854384
2022-06-23,2,0.2779423509854384
2022-06-23,3,0.2779423509854384
2022-06-24,1,0.2669700444482006
2022-06-24,2,0.2669700444482006
2022-06-24,3,0.2669700444482006
2022-06-25,1,0.37915534321643096
2022-06-25,2,0.37915534321643096
2022-06-25,3,0.37915534321643096
2022-06-26,1,0.21622567748979443
2022-06-26,2,0.21622567748979443
2022-06-26,3,0.21622567748979443
2022-06-27,1,0.3686355779250404
2022-06-27,2,0.3686355779250404
2022-06-27,3,0.3686355779250404
2022-06-28,1,0.30319311478472466
2022-06-28,2,0.30319311478472466
2022-06-28,3,0.30319311478472466
2022-06-29,1,0.1728676284894739
2022-06-29,2,0.1728676284894739
2022-06-29,3,0.1728676284894739
2022-06-30,1,0.20713416137567478
2022-06-30,2,0.20713416137567478
2022-06-30,3,0.20713416137567478
2022-07-01,1,0.20954482266082997
2022-07-01,2,0.20954482266082997
2022-07-01,3,0.20954482266082997
2022-07-02,1,0.32078824389452065
2022-07-02,2,0.32078824389452065
2022-07-02,3,0.32078824389452065
2022-07-03,1,0.3973878101550351
2022-07-03,2,0.3973878101550351
2022-07-03,3,0.3973878101550351
2022-07-04,1,0.26211315909574306
2022-07-04,2,0.26211315909574306
2022-07-04,3,0.26211315909574306
2022-07-05,1,0.3508154835172632
2022-07-05,2,0.3508154835172632
2022-07-05,3,0.3508154835172632
2022-07-06,1,0.211670176376623
2022-07-06,2,0.211670176376623
2022-07-06,3,0.211670176376623
2022-07-07,1,0.3680606989380184
2022-07-07,2,0.3680606989380184
2022-07-07,3,0.3680606989380184
2022-07-08,1,0.2618290938459111
2022-07-08,2,0.2618290938459111
2022-07-08,3,0.2618290938459111
2022-07-09,1,0.22563063674244002
2022-07-09,2,0.22563063674244002
2022-07-09,3,0.22563063674244002
2022-07-10,1,0.402372210795903
2022-07-10,2,0.402372210795903
2022-07-10,3,0.402372210795903
2022-07-11,1,0.39083509716089826
2022-07-11,2,0.39083509716089826
2022-07-11,3,0.39083509716089826
2022-07-12,1,0.2939820978540071
2022-07-12,2,0.2939820978540071
2022-07-12,3,0.2939820978540071
2022-07-13,1,0.25069518488822007
2022-07-13,2,0.25069518488822007
2022-07-13,3,0.25069518488822007
2022-07-14,1,0.20456812431869548
2022-07-14,2,0.20456812431869548
2022-07-14,3,0.20456812431869548
2022-07-15,1,0.22069934523861345
2022-07-15,2,0.22069934523861345
2022-07-15,3,0.22069934523861345
2022-07-16,1,0.1608550674932577
2022-07-16,2,0.1608550674932577
2022-07-16,3,0.1608550674932577
2022-07-17,1,0.2908005683903121
2022-07-17,2,0.2908005683903121
2022-07-17,3,0.2908005683903121
2022-07-18,1,0.31901112473434323
2022-07-18,2,0.31901112473434323
2022-07-18,3,0.31901112473434323
2022-07-19,1,0.4019622715568879
2022-07-19,2,0.4019622715568879
2022-07-19,3,0.4019622715568879
2022-07-20,1,0.33422151792232724
2022-07-20,2,0.33422151792232724
2022-07-20,3,0.33422151792232724
2022-07-21,1,0.2606213029166309
2022-07-21,2,0.2606213029166309
2022-07-21,3,0.2606213029166309
2022-07-22,1,0.2833041369033592
2022-07-22,2,0.2833041369033592
2022-07-22,3,0.2833041369033592
2022-07-23,1,0.19492569779055832
2022-07-23,2,0.19492569779055832
2022-07-23,3,0.19492569779055832
2022-07-24,1,0.35433682744193706
2022-07-24,2,0.35433682744193706
2022-07-24,3,0.35433682744193706
2022-07-25,1,0.45805924115934704
2022-07-25,2,0.45805924115934704
2022-07-25,3,0.45805924115934704
2022-07-26,1,0.36537961213736814
2022-07-26,2,0.36537961213736814
2022-07-26,3,0.36537961213736814
2022-07-27,1,0.3842046546929191
2022-07-27,2,0.3842046546929191
2022-07-27,3,0.3842046546929191
2022-07-28,1,0.3704907038638864
2022-07-28,2,0.3704907038638864
2022-07-28,3,0.3704907038638864
2022-07-29,1,0.36037143968632734
2022-07-29,2,0.36037143968632734
2022-07-29,3,0.36037143968632734
2022-07-30,1,0.4035281884721468
2022-07-30,2,0.4035281884721468
2022-07-30,3,0.4035281884721468
2022-07-31,1,0.22390379617486447
2022-07-31,2,0.22390379617486447
2022-07-31,3,0.22390379617486447
2022-08-01,1,0.2885939535962618
2022-08-01,2,0.2885939535962618
2022-08-01,3,0.2885939535962618
2022-08-02,1,0.354003018552701
2022-08-02,2,0.354003018552701
2022-08-02,3,0.354003018552701
2022-08-03,1,0.3099276423698015
2022-08-03,2,0.3099276423698015
2022-08-03,3,0.3099276423698015
2022-08-04,1,0.458627171753358
2022-08-04,2,0.458627171753358
2022-08-04,3,0.458627171753358
2022-08-05,1,0.35519908543262957
2022-08-05,2,0.35519908543262957
2022-08-05,3,0.35519908543262957
2022-08-06,1,0.34732217392195186
2022-08-06,2,0.34732217392195186
2022-08-06,3,0.34732217392195186
2022-08-07,1,0.35384745384697713
2022-08-07,2,0.35384745384697713
2022-08-07,3,0.35384745384697713
2022-08-08,1,0.4049654043124319
2022-08-08,2,0.4049654043124319
2022-08-08,3,0.4049654043124319
2022-08-09,1,0.4629480041296463
2022-08-09,2,0.4629480041296463
2022-08-09,3,0.4629480041296463
2022-08-10,1,0.3030543915458517
2022-08-10,2,0.3030543915458517
2022-08-10,3,0.3030543915458517
2022-08-11,1,0.2716107081804253
2022-08-11,2,0.2716107081804253
2022-08-11,3,0.2716107081804253
2022-08-12,1,0.2472687437465778
2022-08-12,2,0.2472687437465778
2022-08-12,3,0.2472687437465778
2022-08-13,1,0.2804110526297695
2022-08-13,2,0.2804110526297695
2022-08-13,3,0.2804110526297695
2022-08-14,1,0.30431520357343134
2022-08-14,2,0.30431520357343134
2022-08-14,3,0.30431520357343134
2022-08-15,1,0.3829287201213878
2022-08-15,2,0.3829287201213878
2022-08-15,3,0.3829287201213878
2022-08-16,1,0.44704032077238165
2022-08-16,2,0.44704032077238165
2022-08-16,3,0.44704032077238165
2022-08-17,1,0.327534125884237
2022-08-17,2,0.327534125884237
2022-08-17,3,0.327534125884237
2022-08-18,1,0.31973472795666913
2022-08-18,2,0.31973472795666913
2022-08-18,3,0.31973472795666913
2022-08-19,1,0.2897476936481358
2022-08-19,2,0.2897476936481358
2022-08-19,3,0.2897476936481358
2022-08-20,1,0.2010989403709576
2022-08-20,2,0.2010989403709576
2022-08-20,3,0.2010989403709576
2022-08-21,1,0.4710531489483837
2022-08-21,2,0.4710531489483837
2022-08-21,3,0.4710531489483837
2022-08-22,1,0.4562538606894385
2022-08-22,2,0.4562538606894385
2022-08-22,3,0.4562538606894385
2022-08-23,1,0.5004134578265458
2022-08-23,2,0.5004134578265458
2022-08-23,3,0.5004134578265458
2022-08-24,1,0.40151901868790474
2022-08-24,2,0.40151901868790474
2022-08-24,3,0.40151901868790474
2022-08-25,1,0.42190577075155655
2022-08-25,2,0.42190577075155655
2022-08-25,3,0.42190577075155655
2022-08-26,1,0.33637192013344397
2022-08-26,2,0.33637192013344397
2022-08-26,3,0.33637192013344397
2022-08-27,1,0.3601422449270476
2022-08-27,2,0.3601422449270476
2022-08-27,3,0.3601422449270476
2022-08-28,1,0.49512220176186306
2022-08-28,2,0.49512220176186306
2022-08-28,3,0.49512220176186306
2022-08-29,1,0.39633299384913545
2022-08-29,2,0.39633299384913545
2022-08-29,3,0.39633299384913545
2022-08-30,1,0.3462905572737048
2022-08-30,2,0.3462905572737048
2022-08-30,3,0.3462905572737048
2022-08-31,1,0.341944500668078
2022-08-31,2,0.341944500668078
2022-08-31,3,0.341944500668078
2022-09-01,1,0.3281240417892426
2022-09-01,2,0.3281240417892426
2022-09-01,3,0.3281240417892426
2022-09-02,1,0.4169479112758009
2022-09-02,2,0.4169479112758009
2022-09-02,3,0.4169479112758009
2022-09-03,1,0.34768179234759866
2022-09-03,2,0.34768179234759866
2022-09-03,3,0.34768179234759866
2022-09-04,1,0.4409810368325996
2022-09-04,2,0.4409810368325996
2022-09-04,3,0.4409810368325996
2022-09-05,1,0.5681553727201233
2022-09-05,2,0.5681553727201233
2022-09-05,3,0.5681553727201233
2022-09-06,1,0.4441632993810495
2022-09-06,2,0.4441632993810495
2022-09-06,3,0.4441632993810495
2022-09-07,1,0.37418948545404307
2022-09-07,2,0.37418948545404307
2022-09-07,3,0.37418948545404307
2022-09-08,1,0.3983530040397171
2022-09-08,2,0.3983530040397171
2022-09-08,3,0.3983530040397171
2022-09-09,1,0.3978680819697371
2022-09-09,2,0.3978680819697371
2022-09-09,3,0.3978680819697371
2022-09-10,1,0.5452716548395898
2022-09-10,2,0.5452716548395898
2022-09-10,3,0.5452716548395898
2022-09-11,1,0.4395536590412865
2022-09-11,2,0.4395536590412865
2022-09-11,3,0.4395536590412865
2022-09-12,1,0.6073493089374666
2022-09-12,2,0.6073493089374666
2022-09-12,3,0.6073493089374666
2022-09-13,1,0.4592574726964517
2022-09-13,2,0.4592574726964517
2022-09-13,3,0.4592574726964517
2022-09-14,1,0.46156297013295344
2022-09-14,2,0.46156297013295344
2022-09-14,3,0.46156297013295344
2022-09-15,1,0.4602456077700229
2022-09-15,2,0.4602456077700229
2022-09-15,3,0.4602456077700229
2022-09-16,1,0.4904872529645733
2022-09-16,2,0.4904872529645733
2022-09-16,3,0.4904872529645733
2022-09-17,1,0.5171850488319897
2022-09-17,2,0.5171850488319897
2022-09-17,3,0.5171850488319897
2022-09-18,1,0.5667673134689845
2022-09-18,2,0.5667673134689845
2022-09-18,3,0.5667673134689845
2022-09-19,1,0.5141946168129261
2022-09-19,2,0.5141946168129261
2022-09-19,3,0.5141946168129261
2022-09-20,1,0.5019443243850055
2022-09-20,2,0.5019443243850055
2022-09-20,3,0.5019443243850055
2022-09-21,1,0.32684626752193147
2022-09-21,2,0.32684626752193147
2022-09-21,3,0.32684626752193147
2022-09-22,1,0.4014274927178094
2022-09-22,2,0.4014274927178094
2022-09-22,3,0.4014274927178094
2022-09-23,1,0.4476247187456155
2022-09-23,2,0.4476247187456155
2022-09-23,3,0.4476247187456155
2022-09-24,1,0.3933290031335025
2022-09-24,2,0.3933290031335025
2022-09-24,3,0.3933290031335025
2022-09-25,1,0.42319212230055825
2022-09-25,2,0.42319212230055825
2022-09-25,3,0.42319212230055825
2022-09-26,1,0.6024567566010619
2022-09-26,2,0.6024567566010619
2022-09-26,3,0.6024567566010619
2022-09-27,1,0.45698844300558195
2022-09-27,2,0.45698844300558195
2022-09-27,3,0.45698844300558195
2022-09-28,1,0.4837199325774789
2022-09-28,2,0.4837199325774789
2022-09-28,3,0.4837199325774789
2022-09-29,1,0.3535802901704247
2022-09-29,2,0.3535802901704247
2022-09-29,3,0.3535802901704247
2022-09-30,1,0.36464889282443724
2022-09-30,2,0.36464889282443724
2022-09-30,3,0.36464889282443724
2022-10-01,1,0.3088194950673588
2022-10-01,2,0.3088194950673588
2022-10-01,3,0.3088194950673588
2022-10-02,1,0.4245123441223698
2022-10-02,2,0.4245123441223698
2022-10-02,3,0.4245123441223698
2022-10-03,1,0.3761504935181953
2022-10-03,2,0.3761504935181953
2022-10-03,3,0.3761504935181953
2022-10-04,1,0.43054914365961405
2022-10-04,2,0.43054914365961405
2022-10-04,3,0.43054914365961405
2022-10-05,1,0.5133590067776719
2022-10-05,2,0.5133590067776719
2022-10-05,3,0.5133590067776719
2022-10-06,1,0.40124726278250533
2022-10-06,2,0.40124726278250533
2022-10-06,3,0.40124726278250533
2022-10-07,1,0.396646505678801
2022-10-07,2,0.396646505678801
2022-10-07,3,0.396646505678801
2022-10-08,1,0.3712676185954461
2022-10-08,2,0.3712676185954461
2022-10-08,3,0.3712676185954461
2022-10-09,1,0.24712934653848312
2022-10-09,2,0.24712934653848312
2022-10-09,3,0.24712934653848312
2022-10-10,1,0.45214202870488485
2022-10-10,2,0.45214202870488485
2022-10-10,3,0.45214202870488485
2022-10-11,1,0.532355903744807
2022-10-11,2,0.532355903744807
2022-10-11,3,0.532355903744807
2022-10-12,1,0.51247448187916
2022-10-12,2,0.51247448187916
2022-10-12,3,0.51247448187916
2022-10-13,1,0.33557622070914983
2022-10-13,2,0.33557622070914983
2022-10-13,3,0.33557622070914983
2022-10-14,1,0.40429011458248587
2022-10-14,2,0.40429011458248587
2022-10-14,3,0.40429011458248587
2022-10-15,1,0.3739563726421171
2022-10-15,2,0.3739563726421171
2022-10-15,3,0.3739563726421171
2022-10-16,1,0.4519409549242994
2022-10-16,2,0.4519409549242994
2022-10-16,3,0.4519409549242994
2022-10-17,1,0.5782230560153923
2022-10-17,2,0.5782230560153923
2022-10-17,3,0.5782230560153923
2022-10-18,1,0.5131779599863118
2022-10-18,2,0.5131779599863118
2022-10-18,3,0.5131779599863118
2022-10-19,1,0.4492547876145567
2022-10-19,2,0.4492547876145567
2022-10-19,3,0.4492547876145567
2022-10-20,1,0.39805451653160373
2022-10-20,2,0.39805451653160373
2022-10-20,3,0.39805451653160373
2022-10-21,1,0.4545162227368057
2022-10-21,2,0.4545162227368057
2022-10-21,3,0.4545162227368057
2022-10-22,1,0.4056193387859641
2022-10-22,2,0.4056193387859641
2022-10-22,3,0.4056193387859641
2022-10-23,1,0.5058638710362509
2022-10-23,2,0.5058638710362509
2022-10-23,3,0.5058638710362509
2022-10-24,1,0.4514323203511673
2022-10-24,2,0.4514323203511673
2022-10-24,3,0.4514323203511673
2022-10-25,1,0.49592642679656485
2022-10-25,2,0.49592642679656485
2022-10-25,3,0.49592642679656485
2022-10-26,1,0.36669067427834157
2022-10-26,2,0.36669067427834157
2022-10-26,3,0.36669067427834157
2022-10-27,1,0.2699285030432113
2022-10-27,2,0.2699285030432113
2022-10-27,3,0.2699285030432113
2022-10-28,1,0.4256351553111647
2022-10-28,2,0.4256351553111647
2022-10-28,3,0.4256351553111647
2022-10-29,1,0.3427112610281854
2022-10-29,2,0.3427112610281854
2022-10-29,3,0.3427112610281854
2022-10-30,1,0.5508853929391799
2022-10-30,2,0.5508853929391799
2022-10-30,3,0.5508853929391799
2022-10-31,1,0.4823460558293302
2022-10-31,2,0.4823460558293302
2022-10-31,3,0.4823460558293302
2022-11-01,1,0.523022066534795
2022-11-01,2,0.523022066534795
2022-11-01,3,0.523022066534795
2022-11-02,1,0.4761133652030022
2022-11-02,2,0.4761133652030022
2022-11-02,3,0.4761133652030022
2022-11-03,1,0.3362967355684182
2022-11-03,2,0.3362967355684182
2022-11-03,3,0.3362967355684182
2022-11-04,1,0.4109422671547154
2022-11-04,2,0.4109422671547154
2022-11-04,3,0.4109422671547154
2022-11-05,1,0.3503753448653357
2022-11-05,2,0.3503753448653357
2022-11-05,3,0.3503753448653357
2022-11-06,1,0.41266927313528123
2022-11-06,2,0.41266927313528123
2022-11-06,3,0.41266927313528123
2022-11-07,1,0.5391228239809186
2022-11-07,2,0.5391228239809186
2022-11-07,3,0.5391228239809186
2022-11-08,1,0.3081308812393091
2022-11-08,2,0.3081308812393091
2022-11-08,3,0.3081308812393091
2022-11-09,1,0.39418907665043956
2022-11-09,2,0.39418907665043956
2022-11-09,3,0.39418907665043956
2022-11-10,1,0.3494416570999527
2022-11-10,2,0.3494416570999527
2022-11-10,3,0.3494416570999527
2022-11-11,1,0.37961391959821156
2022-11-11,2,0.37961391959821156
2022-11-11,3,0.37961391959821156
2022-11-12,1,0.3744262395710716
2022-11-12,2,0.3744262395710716
2022-11-12,3,0.3744262395710716
2022-11-13,1,0.3238309537867904
2022-11-13,2,0.3238309537867904
2022-11-13,3,0.3238309537867904
2022-11-14,1,0.44463368651695023
2022-11-14,2,0.44463368651695023
2022-11-14,3,0.44463368651695023
2022-11-15,1,0.38493172721507973
2022-11-15,2,0.38493172721507973
2022-11-15,3,0.38493172721507973
2022-11-16,1,0.45061562860592896
2022-11-16,2,0.45061562860592896
2022-11-16,3,0.45061562860592896
2022-11-17,1,0.26599151762160655
2022-11-17,2,0.26599151762160655
2022-11-17,3,0.26599151762160655
2022-11-18,1,0.27615971054213173
2022-11-18,2,0.27615971054213173
2022-11-18,3,0.27615971054213173
2022-11-19,1,0.5309273145540475
2022-11-19,2,0.5309273145540475
2022-11-19,3,0.5309273145540475
2022-11-20,1,0.33446432503903567
2022-11-20,2,0.33446432503903567
2022-11-20,3,0.33446432503903567
2022-11-21,1,0.5608679139128233
2022-11-21,2,0.5608679139128233
2022-11-21,3,0.5608679139128233
2022-11-22,1,0.5037152112947336
2022-11-22,2,0.5037152112947336
2022-11-22,3,0.5037152112947336
2022-11-23,1,0.34666986981952264
2022-11-23,2,0.34666986981952264
2022-11-23,3,0.34666986981952264
2022-11-24,1,0.3472836596849185
2022-11-24,2,0.3472836596849185
2022-11-24,3,0.3472836596849185
2022-11-25,1,0.4283086973553861
2022-11-25,2,0.4283086973553861
2022-11-25,3,0.4283086973553861
2022-11-26,1,0.38468705334678555
2022-11-26,2,0.38468705334678555
2022-11-26,3,0.38468705334678555
2022-11-27,1,0.45264688715982027
2022-11-27,2,0.45264688715982027
2022-11-27,3,0.45264688715982027
2022-11-28,1,0.5071476610573327
2022-11-28,2,0.5071476610573327
2022-11-28,3,0.5071476610573327
2022-11-29,1,0.5291094617205155
2022-11-29,2,0.5291094617205155
2022-11-29,3,0.5291094617205155
2022-11-30,1,0.5656787396190208
2022-11-30,2,0.5656787396190208
2022-11-30,3,0.5656787396190208
2022-12-01,1,0.49200440374003307
2022-12-01,2,0.49200440374003307
2022-12-01,3,0.49200440374003307
2022-12-02,1,0.5315816898209691
2022-12-02,2,0.5315816898209691
2022-12-02,3,0.5315816898209691
2022-12-03,1,0.28423417707420506
2022-12-03,2,0.28423417707420506
2022-12-03,3,0.28423417707420506
2022-12-04,1,0.41926220412839865
2022-12-04,2,0.41926220412839865
2022-12-04,3,0.41926220412839865
2022-12-05,1,0.5231642736204252
2022-12-05,2,0.5231642736204252
2022-12-05,3,0.5231642736204252
2022-12-06,1,0.41170704892728494
2022-12-06,2,0.41170704892728494
2022-12-06,3,0.41170704892728494
2022-12-07,1,0.5225509185423312
2022-12-07,2,0.5225509185423312
2022-12-07,3,0.5225509185423312
2022-12-08,1,0.4997394472570137
2022-12-08,2,0.4997394472570137
2022-12-08,3,0.4997394472570137
2022-12-09,1,0.5392066530821186
2022-12-09,2,0.5392066530821186
2022-12-09,3,0.5392066530821186
2022-12-10,1,0.46339988430106405
2022-12-10,2,0.46339988430106405
2022-12-10,3,0.46339988430106405
2022-12-11,1,0.4718647560053617
2022-12-11,2,0.4718647560053617
2022-12-11,3,0.4718647560053617
2022-12-12,1,0.4347008111377415
2022-12-12,2,0.4347008111377415
2022-12-12,3,0.4347008111377415
2022-12-13,1,0.34319752123623837
2022-12-13,2,0.34319752123623837
2022-12-13,3,0.34319752123623837
2022-12-14,1,0.45337934079148867
2022-12-14,2,0.45337934079148867
2022-12-14,3,0.45337934079148867
2022-12-15,1,0.5188191971390038
2022-12-15,2,0.5188191971390038
2022-12-15,3,0.5188191971390038
2022-12-16,1,0.3641118641404322
2022-12-16,2,0.3641118641404322
2022-12-16,3,0.3641118641404322
2022-12-17,1,0.32408679619881064
2022-12-17,2,0.32408679619881064
2022-12-17,3,0.32408679619881064
2022-12-18,1,0.306459748165568
2022-12-18,2,0.306459748165568
2022-12-18,3,0.306459748165568
2022-12-19,1,0.5432608350844744
2022-12-19,2,0.5432608350844744
2022-12-19,3,0.5432608350844744
2022-12-20,1,0.3830047744428695
2022-12-20,2,0.3830047744428695
2022-12-20,3,0.3830047744428695
2022-12-21,1,0.38088125635318004
2022-12-21,2,0.38088125635318004
2022-12-21,3,0.38088125635318004
2022-12-22,1,0.417576311496743
2022-12-22,2,0.417576311496743
2022-12-22,3,0.417576311496743
2022-12-23,1,0.3710794048051087
2022-12-23,2,0.3710794048051087
2022-12-23,3,0.3710794048051087
2022-12-24,1,0.2692660541539546
2022-12-24,2,0.2692660541539546
2022-12-24,3,0.2692660541539546
2022-12-25,1,0.2675641527103947
2022-12-25,2,0.2675641527103947
2022-12-25,3,0.2675641527103947
2022-12-26,1,0.4947492721498117
2022-12-26,2,0.4947492721498117
2022-12-26,3,0.4947492721498117
2022-12-27,1,0.48966382698294353
2022-12-27,2,0.48966382698294353
2022-12-27,3,0.48966382698294353
2022-12-28,1,0.4526675897369282
2022-12-28,2,0.4526675897369282
2022-12-28,3,0.4526675897369282
2022-12-29,1,0.49188260772785886
2022-12-29,2,0.49188260772785886
2022-12-29,3,0.49188260772785886
2022-12-30,1,0.4667070313899543
2022-12-30,2,0.4667070313899543
2022-12-30,3,0.4667070313899543
2022-12-31,1,0.4438161857173125
2022-12-31,2,0.4438161857173125
2022-12-31,3,0.4438161857173125
2023-01-01,1,0.3924951072367855
2023-01-01,2,0.3924951072367855
2023-01-01,3,0.3924951072367855
